<?xml version="1.0" encoding="UTF-8"?>
<project-private xmlns="http://www.netbeans.org/ns/project-private/1">
    <editor-bookmarks xmlns="http://www.netbeans.org/ns/editor-bookmarks/2" lastBookmarkId="0"/>
    <open-files xmlns="http://www.netbeans.org/ns/projectui-open-files/2">
        <group>
            <file>file:/C:/netbeans%20program%20101/LIBRARYMS/src/libraryms/WELCOME_KCCF.java</file>
            <file>file:/C:/netbeans%20program%20101/LIBRARYMS/src/libraryms/FIRST_PAGE_LIBRARY.java</file>
            <file>file:/C:/netbeans%20program%20101/LIBRARYMS/src/libraryms/Library_management_system.java</file>
            <file>file:/C:/netbeans%20program%20101/LIBRARYMS/src/libraryms/Books.java</file>
            <file>file:/C:/netbeans%20program%20101/LIBRARYMS/src/libraryms/AposthropheException.java</file>
        </group>
    </open-files>
</project-private>
